<?xml version="1.0" encoding="UTF-8"?>
<datasources xmlns="http://www.jboss.org/ironjacamar/schema">
	<datasource jta="false" jndi-name="java:/CRCBootStrapDS"
		pool-name="CRCBootStrapDS" enabled="true" use-ccm="false">
		<connection-url>jdbc:oracle:thin:@localhost:1521:xe</connection-url>
		<driver-class>oracle.jdbc.OracleDriver</driver-class>
		<driver>ojdbc6.jar</driver>
		<security>
			<user-name>i2b2hive</user-name>
			<password>demouser</password>
		</security>
		<validation>
			<validate-on-match>false</validate-on-match>
			<background-validation>false</background-validation>
		</validation>
		<statement>
			<share-prepared-statements>false</share-prepared-statements>
		</statement>
	</datasource>
	<datasource jta="false" jndi-name="java:/QueryToolDemoDS"
		pool-name="QueryToolDemoDS" enabled="true" use-ccm="false">
		<connection-url>jdbc:oracle:thin:@localhost:1521:XE</connection-url>
		<driver-class>oracle.jdbc.OracleDriver</driver-class>
		<driver>ojdbc6.jar</driver>
		<security>
			<user-name>i2b2demodata</user-name>
			<password>demouser</password>
		</security>
		<validation>
			<validate-on-match>false</validate-on-match>
			<background-validation>false</background-validation>
		</validation>
		<statement>
			<share-prepared-statements>false</share-prepared-statements>
		</statement>
	</datasource>
</datasources>
