<?xml version="1.0" encoding="UTF-8"?>
<!--
$Id: data_build.xml,v 1.1 2013/01/05 13:53:58 lcp5 Exp $
-->
<project name="IM data" basedir=".">

	<property environment="env" />

	<property file="./db.properties" />

	<!-- =================================================================== -->
	<!-- 								INIT 								 -->
	<!-- =================================================================== -->
	<target name="init"  description="Prepare for build">
		<path id="classpath">
			<pathelement location="../ojdbc14.jar" />
			<pathelement location="../sqljdbc.jar"/>
		</path>
	</target>

	

	<!-- =================================================================== -->
	<!-- 			DATABASE SETUP TARGETS						 			 -->
	<!-- =================================================================== -->

	<target name="create_imdata_tables_release_1-7" depends="init">
		<sql driver="${db.driver}" url="${db.url}" userid="${db.username}" password="${db.password}" classpathref="classpath" onerror="continue" print="true">
			<transaction src="./scripts/im_create_tables_${db.type}.sql" />
		</sql>
	</target>
	
	<target name="db_imdata_load_data" depends="init">
		<sql driver="${db.driver}" url="${db.url}" userid="${db.username}" password="${db.password}" classpathref="classpath" onerror="continue" print="true">
   			<transaction src="./scripts/${db.type}/im_mpi_demographics_insert_data.sql" />
			<transaction src="./scripts/${db.type}/im_mpi_mapping_insert_data.sql" />
			<transaction src="./scripts/${db.type}/im_project_patients_insert_data.sql" />
			<transaction src="./scripts/${db.type}/im_project_sites_insert_data.sql" />
		</sql>
	</target>

</project>


